Master Catalog,Identifier,Parent Identifier,Name US,URL keyword,Page title,Meta description,Facet Ordered List,Delete
FALSE,Automation-Solutions,,Automation Solutions,automation-solutions,Products - Automation Solutions | Emerson,Browse Emerson Automation Solutions products,Category | Brand | EMR Industry,
FALSE,Commercial-and-Residential-Solutions,,Commercial and Residential Solutions,commercial-residential-solutions,,,Category | EMR Platform,
FALSE,Asset-Reliability,Automation-Solutions,Asset Reliability,,Products - Asset Reliability | Emerson,Browse Asset Reliability products,Category | Brand | EMR Industry,
FALSE,Ceiling-Fans-and-Lighting,Commercial-and-Residential-Solutions,Ceiling Fans and Lighting,ceiling-fans-lighting,,,Category | EMR Product Family | EMR Platform | Brand | EMR Industry,
FALSE,Cleaning-Systems-and-Cell-Disruptors,Commercial-and-Residential-Solutions,Cleaning Systems and Cell Disruptors,cleaning-systems-and-cell-disruptors,,,Category | EMR Product Family | EMR Platform | Brand | EMR Industry,
FALSE,Construction-Plumbing-Tools,Commercial-and-Residential-Solutions,Construction and Plumbing Tools,construction-and-plumbing-tools,,,Category | EMR Product Family | EMR Platform | Brand | EMR Industry,
FALSE,Control-Safety-Systems,Automation-Solutions,Control and Safety Systems,control-safety-systems,Products - Control and Safety Systems | Emerson,Browse Control and Safety Systems products,Category | Brand | EMR Industry,
FALSE,Controls-and-Monitoring-Systems,Commercial-and-Residential-Solutions,Controls and Monitoring Systems,controls-and-monitoring-systems,,,,
FALSE,Electrical-Components-Lighting,Automation-Solutions,Electrical Components and Lighting,,Products - Electrical Components and Lighting|Emerson,Browse Electrical Components and Lighting products,Category | Brand | EMR Industry,
FALSE,Electrical-Construction-Materials-and-Lighting,Commercial-and-Residential-Solutions,Electrical Construction Materials and Lighting,electrical-construction-materials-and-lighting,,,Category | EMR Product Family | EMR Platform | Brand | EMR Industry,
FALSE,Food-Waste-Disposals,Commercial-and-Residential-Solutions,Food Waste Disposals,food-waste-disposals,,,Category | EMR Product Family | EMR Platform | Brand | EMR Industry,
FALSE,Grind2Energy,Commercial-and-Residential-Solutions,Grind2Energy,grind2energy,,,Category | EMR Product Family | EMR Platform | Brand | EMR Industry,
FALSE,Heating-and-Air-Conditioning,Commercial-and-Residential-Solutions,Heating and Air Conditioning,heating-and-air-conditioning,,,Category | EMR Platform,
FALSE,Home-Repair-and-Maintenance,Commercial-and-Residential-Solutions,Home Repair and Maintenance,home-repair-and-maintenance,,,Category | EMR Product Family | EMR Platform | Brand | EMR Industry,
FALSE,Hot-Water-Dispensers,Commercial-and-Residential-Solutions,Hot Water Dispensers,hot-water-dispensers,,,Category | EMR Product Family | EMR Platform | Brand | EMR Industry,
FALSE,Indoor-Outdoor-Heating-Cables,Commercial-and-Residential-Solutions,Indoor/Outdoor Heating Cables,indoor-outdoor-heating-cables,,,Category | EMR Product Family | EMR Platform | Brand | EMR Industry,
FALSE,Measurement-Instrumentation,Automation-Solutions,Measurement Instrumentation,measurement-instrumentation,Products - Measurement Instrumentation | Emerson,Browse Measurement Instrumentation products,Category | Brand | EMR Industry | EMR Product Type,
FALSE,Operations-Business-Management,Automation-Solutions,Operations and Business Management,,Products - Operations and Business Management | Emerson,Browse Operations and Business Management products,Category | Brand | EMR Industry,
FALSE,Precision-Welding-Cleaning,Automation-Solutions,Precision Welding and Cleaning,,Products - Precision Welding and Cleaning|Emerson,Browse Precision Welding and Cleaning products,Category | Brand | EMR Industry | EMR Segment,
FALSE,Refrigeration,Commercial-and-Residential-Solutions,Refrigeration,,,,Category | EMR Product Family | EMR Platform | Brand | EMR Industry | EMR Refrigerant Type | EMR Product Type | EMR Capacity Range | EMR Application | EMR Voltage | EMR Frequency,
FALSE,Sensing-and-Protection-Devices,Commercial-and-Residential-Solutions,Sensing and Protection Devices,,,,,
FALSE,Solenoids-Pneumatics,Automation-Solutions,Solenoids and Pneumatics,solenoids-pneumatics,Products - Solenoids and Pneumatics | Emerson,Browse Solenoids and Pneumatics products,Category | Brand | EMR Industry | EMR Application,
FALSE,Thermostats,Commercial-and-Residential-Solutions,Thermostats,,,,Category | EMR Product Family | EMR Platform | Brand | EMR Industry,
FALSE,Vacuum-Equipment,Commercial-and-Residential-Solutions,Vacuum Equipment,vacuum-equipment,,,Category | EMR Product Family | EMR Platform | Brand | EMR Industry,
FALSE,Valves-Actuators-Regulators,Automation-Solutions,Valves,,"Products - Valves, Actuators and Regulators | Emerson","Browse Valves, Actuators and Regulators products",Category | Brand | EMR Industry,
FALSE,Accessories,Indoor-Outdoor-Heating-Cables,Accessories,accessories--1,,,,
FALSE,Actuators,Valves-Actuators-Regulators,Actuators,,Products - Actuators | Emerson,Browse Actuators products,Category | Brand | EMR Product Type | EMR Industry | EMR Application | EMR Actuation | EMR Power Source | EMR Control Type | EMR Valve Type | EMR Certifications | EMR Area Classification | EMR Operating Pressure | EMR Operating Temperature,
FALSE,Air-Preparation,Solenoids-Pneumatics,Air Preparation,,Products - Air Preparation | Emerson,Browse Air Preparation products,Category | EMR Pipe Port Size | EMR Operating Environment | EMR Standards | EMR Application | Brand | EMR Industry,
FALSE,Alarm-devices-Controls,Controls-and-Monitoring-Systems,Alarm devices Controllers ,alarm-devices-controls,,,,
FALSE,Asset-Monitoring,Asset-Reliability,Asset Monitoring,,Products - Asset Monitoring | Emerson,Browse Asset Monitoring products,Category | Brand | EMR Industry,
FALSE,Automotive-Vacs,Vacuum-Equipment,Automotive Vacs,automotive-vacs,,,Category | EMR Product Family | EMR Platform | Brand | EMR Industry,
FALSE,Bransonic-Tabletop-Cleaners,Cleaning-Systems-and-Cell-Disruptors,Bransonic Tabletop Cleaners,bransonic-tabletop-cleaners,,,Category | EMR Product Family | EMR Platform | Brand | EMR Industry,
FALSE,Bulk-Storage-Transport-Equipment,Valves-Actuators-Regulators,Bulk Storage and Transport Equipment,,Products - Bulk Storage and Transport Equipment | Emerson,Browse Bulk Storage and Transport Equipment products,Category | Brand | EMR Valve Type | EMR Industry | EMR Application | EMR Material | EMR Certifications | EMR Valve Size | EMR Operating Temperature | EMR Shutoff Class | EMR Seat Seal Type | EMR Style | EMR Media | EMR Fluid State | EMR Valve Size Standard,
FALSE,Cable-Kits,Indoor-Outdoor-Heating-Cables,Cable Kits,cable-kits,,,,
FALSE,Commercia-Refrigeration-Electronics,Refrigeration,Commercia Refrigeration Electronics,commercia-refrigeration-electronics,,,Category | EMR Product Family | EMR Platform | Brand | EMR Industry,
FALSE,Commercial-AC-Electronics,Heating-and-Air-Conditioning,Commercial AC Electronics,,,,Category | EMR Input Voltage Range | EMR HVAC System Type | EMR Product Family | EMR Platform | Brand | EMR Industry,
FALSE,Commercial-Air-Conditioning,Heating-and-Air-Conditioning,Commercial Air Conditioning,,,,Category | EMR Product Family | EMR Platform | Brand | EMR Industry,
FALSE,Commercial-Air-Conditioning-Components,Heating-and-Air-Conditioning,Commercial Air Conditioning Components,commercial-air-conditioning-components,,,Category | EMR Product Family | EMR Platform | Brand | EMR Industry,
FALSE,Commercial-Condensing-Units,Refrigeration,Commercial Condensing Units,commercial-condensing-units,,,Category | EMR Product Family | EMR Platform | Brand | EMR Industry,
FALSE,Commercial-Digital-Upgrade-Kits,Heating-and-Air-Conditioning,Commercial Digital Upgrade Kits,commercial-digital-upgrade-kits,,,Category | EMR Product Family | EMR Platform | Brand | EMR Industry,
FALSE,Commercial-Electrical-Fittings,Electrical-Construction-Materials-and-Lighting,Commercial Electrical Fittings,commercial-electrical-fittings,,,Category | EMR Product Family | EMR Platform | Brand | EMR Industry,
FALSE,Commercial-Heating-Cable-Systems,Indoor-Outdoor-Heating-Cables,Commercial Heating Cable Systems,commercial-heating-cable-systems,,,Category | EMR Product Family | EMR Platform | Brand | EMR Industry,
FALSE,Commercial-Heating-Components,Heating-and-Air-Conditioning,Commercial Heating Components,commercial-heating-components,,,Category | EMR Product Family | EMR Platform | Brand | EMR Industry,
FALSE,Commercial-Refrigeration,Refrigeration,Commercial Refrigeration,,,,Category | EMR Product Family | EMR Platform | Brand | EMR Industry | EMR Refrigerant Type | EMR Product Type | EMR Capacity Range | EMR Application | EMR Voltage | EMR Frequency,
FALSE,Commercial-Refrigeration-Components,Refrigeration,Commercial Refrigeration Components,commercial-refrigeration-components,,,Category | EMR Product Family | EMR Platform | Brand | EMR Industry,
FALSE,Commercial-Refrigeration-Compressors,Refrigeration,Commercial Refrigeration Compressors,,,,Category | EMR Product Family | EMR Platform | Brand | EMR Industry | EMR Refrigerant Type | EMR Product Type | EMR Capacity Range | EMR Application | EMR Voltage | EMR Frequency,
FALSE,Commercial-Refrigeration-Electronics,Refrigeration,Commercial Refrigeration Electronics,commercial-refrigeration-electronics,,,,
FALSE,Commercial-Scroll-Compressors,Heating-and-Air-Conditioning,Commercial Scroll Compressors,,,,Category | EMR Refrigerant Type | EMR Capacity Range | EMR Hertz | EMR Voltage | EMR Product Family | EMR Platform | Brand | EMR Industry,
FALSE,Commercial-Switches-Outlet-Boxes-and-Covers,Electrical-Construction-Materials-and-Lighting,"Commercial Switches, Outlet Boxes, and Covers",commercial-switches-outlet-boxes-covers,,,,
FALSE,Commercial-Vacuums,Vacuum-Equipment,Commercial Vacuums,commercial-vacuums,,,Category | EMR Product Family | EMR Platform | Brand | EMR Industry,
FALSE,Commercial-Wet-Dry-Vacs,Vacuum-Equipment,Commercial Wet/Dry Vacs,commercial-wet-dry-vacs,,,Category | EMR Product Family | EMR Platform | Brand | EMR Industry,
FALSE,Control-Power-Solutions,Electrical-Components-Lighting,Control Power Solutions,,Products - Control Power Solutions|Emerson,Browse Control Power Solutions products,Category | Brand | EMR Industry,
FALSE,Control-Valves,Valves-Actuators-Regulators,Control Valves,,Products - Control Valves | Emerson,Browse Control Valves products,Category | Brand | EMR Valve Type | EMR Industry | EMR Application | EMR Material | EMR Critical Service | EMR Pressure Class | EMR Certifications | EMR Valve Size | EMR Operating Temperature | EMR Shutoff Class | EMR Flow Characteristics | EMR Valve Size Standard,
FALSE,Controllers-Instruments,Valves-Actuators-Regulators,Controllers and Instruments,,Products - Controllers and Instruments | Emerson,Browse Controllers and Instruments products,Category | Brand | EMR Product Type | EMR Industry | EMR Application | EMR Communication Protocol | EMR Power Source | EMR Diagnostics | EMR Data Interface | EMR Area Classification | EMR Safety Certification | EMR Certifications | EMR Input Signal | EMR Measurement Type | EMR Position Control | EMR Mounting Type | EMR Supply Media | EMR Operating Temperature | EMR Style | EMR Media | EMR Max Outlet Pressure | EMR Valve Size,
FALSE,Controls,Electrical-Components-Lighting,Controls,controls,Products - Controls|Emerson,Browse Controls products,Category | Brand | EMR Industry,
FALSE,Controls-Thermostats,Indoor-Outdoor-Heating-Cables,Controls-Thermostats,controls-thermostats,,,,
FALSE,Crankcase-Heater,Indoor-Outdoor-Heating-Cables,Crankcase Heater,crankcase-heater,,,,
FALSE,Cylinders-Actuators,Solenoids-Pneumatics,Cylinders and Actuators,cylinders-actuators,Products - Cylinders and Actuators | Emerson,Browse Cylinders and Actuators products,Category | EMR Pipe Port Size | EMR Operating Environment | EMR Standards | EMR Bore | EMR Application | Brand | EMR Industry,
FALSE,Density-Viscosity,Measurement-Instrumentation,Density and Viscosity,,Products - Density and Viscosity | Emerson,Browse Density and Viscosity products,Category | Brand | EMR Industry | EMR Instrument Type | EMR Installation Type | EMR Fluid State | EMR Line Size | EMR Output Variables | EMR Operating Temperature | EMR Operating Pressure | EMR Power Source | EMR Output Signal | EMR Input Signal | EMR User Interface | EMR Product Type,
FALSE,"Diagnostics,-Inspection-&amp;-Locating",Construction-Plumbing-Tools,"Diagnostics, Inspection &#38; Locating",,,,Category | EMR Product Family | EMR Platform | Brand | EMR Industry,
FALSE,Diagnostics-Inspection-and-Locating,Construction-Plumbing-Tools,"Diagnostics, Inspection &#38; Locating",diagnostics-inspection-and-locating,,,,
FALSE,Distributed-Control-Systems,Control-Safety-Systems,Distributed Control Systems,,Products - Distributed Control Systems | Emerson,Browse Distributed Control Systems products,Category | Brand | EMR Industry,
FALSE,Distributed-Sensors,Measurement-Instrumentation,Distributed Sensors,distributed-sensors,Products - Distributed Sensors | Emerson,Browse Distributed Sensors products,Category | Brand | EMR Industry | EMR Sensor Type,
FALSE,Distribution-Equipment,Electrical-Components-Lighting,Distribution Equipment,distribution-equipment,Products - Distribution Equipment|Emerson,Browse Distribution Equipment products,Category | Brand | EMR Industry,
FALSE,Do-It-Yourself,Thermostats,Do It Yourself,do-it-yourself,,,Category | EMR Product Family | EMR Platform | Brand | EMR Industry,
FALSE,Drain-Cleaning,Construction-Plumbing-Tools,Drain Cleaning,,,,Category | EMR Product Family | EMR Platform | Brand | EMR Industry,
FALSE,Electrical-Tools,Construction-Plumbing-Tools,Electrical Tools,,,,Category | EMR Product Family | EMR Platform | Brand | EMR Industry,
FALSE,Enclosures-Junction-Boxes,Electrical-Components-Lighting,Enclosures and Junction Boxes,enclosures-junction-boxes,Products - Enclosures and Junction Boxes|Emerson,Browse Enclosures and Junction Boxes products,Category | Brand | EMR Industry,
FALSE,Energy-Management,Operations-Business-Management,Energy Management,energy-management,Products - Energy Management | Emerson,Browse Energy Management products,Category | Brand | EMR Industry,
FALSE,Field-Device-Management,Asset-Reliability,Field Device Management,,Products - Field Device Management | Emerson,Browse Field Device Management products,Category | Brand | EMR Industry,
FALSE,Fittings,Electrical-Components-Lighting,Fittings,fittings,Products - Fittings|Emerson,Browse Fittings products,Category | Brand | EMR Industry,
FALSE,Flame-Detonation-Arrestors,Valves-Actuators-Regulators,Flame and Detonation Arrestors,,Products - Flame and Detonation Arrestors | Emerson,Browse Flame and Detonation Arrestors products,Category | Brand | EMR Industry,
FALSE,Flame-Gas-Detection,Measurement-Instrumentation,Flame and Gas Detection,,Products - Flame and Gas Detection | Emerson,Browse Flame and Gas Detection products,Category | Brand | EMR Industry,
FALSE,Floor-Warming,Indoor-Outdoor-Heating-Cables,Floor Warming,floor-warming,,,,
FALSE,Flow,Measurement-Instrumentation,Flow,,Products - Flow | Emerson,Browse Flow products,Category | Brand | EMR Industry | EMR Instrument Type | EMR Technology Type,
FALSE,Gas-Analysis,Measurement-Instrumentation,Gas Analysis,,Products - Gas Analysis | Emerson,Browse Gas Analysis products,Category | Brand | EMR Industry,
FALSE,General-Lighting,Electrical-Construction-Materials-and-Lighting,General Lighting,general-lighting,,,Category | EMR Product Family | EMR Platform | Brand | EMR Industry,
FALSE,General-Purpose-&amp;-Hand-Tools,Construction-Plumbing-Tools,General Purpose &#38; Hand Tools,,,,Category | EMR Product Family | EMR Platform | Brand | EMR Industry,
FALSE,General-Purpose-and-Hand-Tools,Construction-Plumbing-Tools,General Purpose &#38; Hand Tools,general-purpose-and-hand-tools,,,,
FALSE,Generators-&amp;-Pressure-Washers,Construction-Plumbing-Tools,Generators &#38; Pressure Washers,,,,Category | EMR Product Family | EMR Platform | Brand | EMR Industry,
FALSE,Hermetic-Solutions,Sensing-and-Protection-Devices,Hermetic Solutions,hermetic-solutions,,,,
FALSE,Hot-Plate-Welding,Precision-Welding-Cleaning,Hot Plate Welding,,Products - Hot Plate Welding|Emerson,Browse Hot Plate Welding products,Category | Brand | EMR Industry | EMR Segment | EMR Working Area Dimensions,
FALSE,Industrial-Heat-Tracing,Valves-Actuators-Regulators,Industrial Heat Tracing,industrial-heat-tracing,Products - Industrial Heat Tracing|Emerson,Browse Industrial Heat Tracing products,Category | Brand | EMR Industry,
FALSE,Industrial-Refrigeration,Refrigeration,Industrial Refrigeration,industrial-refrigeration,,,Category | EMR Product Family | EMR Platform | Brand | EMR Industry,
FALSE,Industrial-Refrigeration-Compressors,Refrigeration,Industrial Refrigeration Compressors,industrial-refrigeration-compressors,,,Category | EMR Product Family | EMR Platform | Brand | EMR Industry,
FALSE,Industrial-Refrigeration-Genuine-Parts,Refrigeration,Industrial Refrigeration Genuine Parts,industrial-refrigeration-genuine-parts,,,Category | EMR Product Family | EMR Platform | Brand | EMR Industry,
FALSE,Infrared-Welding,Precision-Welding-Cleaning,Infrared Welding,infrared-welding,Products - Infrared Welding|Emerson,Browse Infrared Welding products,Category | Brand | EMR Industry | EMR Segment,
FALSE,Isolation-Shut-off-Valves,Valves-Actuators-Regulators,Isolation and Shut off Valves,,Products - Isolation and Shut off Valves | Emerson,Browse Isolation and Shut off Valves products,Category | Brand | EMR Valve Type | EMR Industry | EMR Application | EMR Material | EMR Standards | EMR Pressure Class | EMR Certifications | EMR Body Design | EMR Operating Temperature | EMR Shutoff Class | EMR Power Source | EMR Stem | EMR Seat Seal Type | EMR Bore | EMR Style | EMR Media | EMR Max Outlet Pressure | EMR Valve Size | EMR Valve Size Standard,
FALSE,Junction-Boxes,Electrical-Construction-Materials-and-Lighting,Junction Boxes,junction-boxes,,,Category | EMR Product Family | EMR Platform | Brand | EMR Industry,
FALSE,Laboratory-Equipment,Precision-Welding-Cleaning,Laboratory Equipment,,Products - Laboratory Equipment|Emerson,Browse Laboratory Equipment products,Category | Brand | EMR Industry | EMR Segment,
FALSE,Laser-Welding,Precision-Welding-Cleaning,Laser Welding,,Products - Laser Welding|Emerson,Browse Laser Welding products,Category | Brand | EMR Industry | EMR Segment | EMR Output Power | EMR Working Area Dimensions,
FALSE,Level,Measurement-Instrumentation,Level,,Products - Level | Emerson,Browse Level products,Category | Brand | EMR Industry,
FALSE,Lighting,Electrical-Components-Lighting,Lighting,lighting,Products - Lighting|Emerson,Browse Lighting products,Category | Brand | EMR Industry,
FALSE,Liquid-Analysis,Measurement-Instrumentation,Liquid Analysis,liquid-analysis,Products - Liquid Analysis | Emerson,Browse Liquid Analysis products,Category | Brand | EMR Industry,
FALSE,Machinery-Health-Management,Asset-Reliability,Machinery Health Management,,Products - Machinery Health Management | Emerson,Browse Machinery Health Management products,Category | Brand | EMR Industry,
FALSE,Manufacturing-Execution-Systems,Operations-Business-Management,Manufacturing Execution Systems,,Products - Manufacturing Execution Systems | Emerson,Browse Manufacturing Execution Systems products,Category | Brand | EMR Industry,
FALSE,Marine-Integrated-Control-Monitoring,Control-Safety-Systems,Marine Integrated Control and Monitoring,,Products - Marine Integrated Control and Monitoring | Emerson,Browse Marine Integrated Control and Monitoring products,Category | Brand | EMR Industry,
FALSE,Marine-Measurement-Analysis,Measurement-Instrumentation,Marine Measurement Analysis,,Products - Marine Measurement Analysis | Emerson,Browse Marine Measurement Analysis products,Category | Brand | EMR Industry | EMR Product Type,
FALSE,Midstream-Oil-Gas-Applications,Operations-Business-Management,Midstream Oil and Gas Applications,,Products - Midstream Oil and Gas Applications|Emerson,Browse Midstream Oil and Gas Applications products,Category | Brand | EMR Industry,
FALSE,Monitoring-Systems,Controls-and-Monitoring-Systems,Monitoring Systems,monitoring-systems,,,Category | EMR Product Family | EMR Platform | Brand | EMR Industry,
FALSE,Nuclear-Flow-Controls,Valves-Actuators-Regulators,Nuclear Flow Controls,,Products - Nuclear Flow Controls | Emerson,Browse Nuclear Flow Controls products,Category | Brand | EMR Product Type | EMR Application | EMR Certifications | EMR Industry | EMR Availability | EMR Operating Environment | EMR Actuation | EMR Media,
FALSE,Pipe-Tracing,Indoor-Outdoor-Heating-Cables,Pipe Tracing,pipe-tracing,,,,
FALSE,Pipe-and-Tubing-Tools,Construction-Plumbing-Tools,Pipe and Tubing Tools,,,,Category | EMR Product Family | EMR Platform | Brand | EMR Industry,
FALSE,Pipeline-Integrity,Measurement-Instrumentation,Pipeline Integrity,,Products - Pipeline Integrity | Emerson,Browse Pipeline Integrity products,Category | Brand | EMR Industry,
FALSE,Plugs-Receptacles,Electrical-Components-Lighting,Plugs and Receptacles,,Products - Plugs and Receptacles|Emerson,Browse Plugs and Receptacles products,Category | EMR Area Classification | EMR Certifications | EMR Factory Sealed | EMR Amperage | EMR Voltage | EMR Number of Wires | EMR Number of Poles | EMR Material,
FALSE,Pneumatic-Valves,Solenoids-Pneumatics,Pneumatic Valves,,Products - Pneumatic Valves | Emerson,Browse Pneumatic Valves products,Category | EMR Actuation | EMR Function | EMR Media | EMR Pipe Port Size | EMR Port Type | EMR Flow L M | EMR Flow SCFM | EMR Operating Environment | EMR Standards | EMR Application | Brand | EMR Industry,
FALSE,Power-Monitoring,Controls-and-Monitoring-Systems,Power Monitoring,power-monitoring,,,Category | EMR Product Family | EMR Platform | Brand | EMR Industry,
FALSE,Power-Quality-Distribution,Electrical-Components-Lighting,Power Quality and Distribution,,Products - Power Quality and Distribution|Emerson,Browse Power Quality and Distribution products,Category | Brand | EMR Industry,
FALSE,Power-Tools,Construction-Plumbing-Tools,Power Tools,,,,Category | EMR Product Family | EMR Platform | Brand | EMR Industry,
FALSE,Pressing,Construction-Plumbing-Tools,Pressing,,,,Category | EMR Product Family | EMR Platform | Brand | EMR Industry,
FALSE,Pressure,Measurement-Instrumentation,Pressure,,Products - Pressure | Emerson,Browse Pressure products,Category | Brand | EMR Industry,
FALSE,Professional,Thermostats,Professional,professional,,,Category | EMR Product Family | EMR Platform | Brand | EMR Industry,
FALSE,Programmable,Thermostats,Programmable,,,,Category | EMR Product Family | EMR Platform | Brand | EMR Industry,
FALSE,Reels-Switches,Electrical-Components-Lighting,Reels and Switches,,Products - Reels and Switches|Emerson,Browse Reels and Switches products,Category | EMR Industry,
FALSE,Refrigerant-Leak-Detectors,Controls-and-Monitoring-Systems,Refrigerant Leak Detectors,refrigerant-leak-detectors,,,Category | EMR Product Family | EMR Platform | Brand | EMR Industry,
FALSE,Regulators-Relief-Valves,Valves-Actuators-Regulators,Regulators,,Products - Regulators and Relief Valves | Emerson,Browse Regulators and Relief Valves products,Category | Brand | EMR Product Type | EMR Industry | EMR Segment | EMR Application | EMR Material | EMR Critical Service | EMR Certifications | EMR Valve Size | EMR Operating Temperature | EMR Shutoff Class | EMR Flow Characteristics | EMR Pressure Class | EMR Max Inlet Pressure | EMR Max Outlet Pressure | EMR Style | EMR Fluid State | EMR Valve Size Standard,
FALSE,Reservoir-Management-Software,Operations-Business-Management,Reservoir Management Software,,Products - Reservoir Management Software|Emerson,Browse Reservoir Management Software products,Category | EMR Product Type | Brand | EMR Industry,
FALSE,Residential-AC-Electronics,Heating-and-Air-Conditioning,Residential AC Electronics,,,,Category | EMR Input Voltage Range | EMR HVAC System Type | EMR Product Family | EMR Platform | Brand | EMR Industry,
FALSE,Residential-Air-Conditioning,Heating-and-Air-Conditioning,Residential Air Conditioning,residential-air-conditioning,,,Category | EMR Product Family | EMR Platform | Brand | EMR Industry,
FALSE,Residential-Air-Conditioning-Components,Heating-and-Air-Conditioning,Residential Air Conditioning Components,residential-air-conditioning-components,,,Category | EMR Product Family | EMR Platform | Brand | EMR Industry,
FALSE,Residential-Control-Products,Heating-and-Air-Conditioning,Residential Control Products,residential-control-products,,,Category | EMR Product Family | EMR Platform | Brand | EMR Industry | EMR Certifications | EMR Input Power | EMR Temperature Rise | EMR Hardware Configuration | EMR Firmware Update | EMR UL Recognized,
FALSE,Residential-Heating-Cable-Systems,Indoor-Outdoor-Heating-Cables,Residential Heating Cable Systems,residential-heating-cable-systems,,,Category | EMR Product Family | EMR Platform | Brand | EMR Industry,
FALSE,Residential-Heating-Components,Heating-and-Air-Conditioning,Residential Heating Components,residential-heating-components,,,Category | EMR Product Family | EMR Platform | Brand | EMR Industry,
FALSE,Residential-Scroll-Compressors,Heating-and-Air-Conditioning,Residential Scroll Compressors,,,,Category | EMR Refrigerant Type | EMR Capacity Range | EMR Hertz | EMR Voltage | EMR Product Family | EMR Platform | Brand | EMR Industry,
FALSE,Residential-Service-Kits,Heating-and-Air-Conditioning,Residential Service Kits,residential-service-kits,,,Category | EMR Product Family | EMR Platform | Brand | EMR Industry,
FALSE,Residential-Wet-Dry-Vacs,Vacuum-Equipment,Residential Wet/Dry Vacs,residential-wet-dry-vacs,,,Category | EMR Product Family | EMR Platform | Brand | EMR Industry,
FALSE,Roof-and-Gutter-De-icing,Indoor-Outdoor-Heating-Cables,Roof and Gutter De-icing,roof-and-gutter-de-icing,,,,
FALSE,SCADA-Systems,Control-Safety-Systems,SCADA Systems,,Products - SCADA Systems | Emerson,Browse SCADA Systems products,Category | Brand | EMR Industry,
FALSE,Safety-Instrumented-Systems,Control-Safety-Systems,Safety Instrumented Systems,,Products - Safety Instrumented Systems | Emerson,Browse Safety Instrumented Systems products,Category | Brand | EMR Industry,
FALSE,Sealants-Firestop-Solutions,Electrical-Components-Lighting,Sealants and Firestop Solutions,sealants-firestop-solutions,Products - Sealants and Firestop Solutions|Emerson,Browse Sealants and Firestop Solutions products,Category | EMR Area Classification | EMR Certifications | EMR Product Type,
FALSE,Sensing-Solutions,Sensing-and-Protection-Devices,Sensing Solutions,sensing-solutions,,,,
FALSE,Sensors,Controls-and-Monitoring-Systems,Sensors,sensors,,,Category | EMR Product Family | EMR Platform | Brand | EMR Industry,
FALSE,Snow-Melting,Indoor-Outdoor-Heating-Cables,Snow Melting,snow-melting,,,,
FALSE,Solenoid-Valves,Valves-Actuators-Regulators,Solenoid Valves,,Products - Solenoid Valves | Emerson,Browse Solenoid Valves products,Category | EMR Actuation | EMR Function | EMR Material | EMR Media | EMR Pipe Port Size | EMR Port Type | EMR Voltage | EMR Frequency | EMR Operating Environment | EMR Standards | EMR Application | Brand | EMR Industry,
FALSE,Solenoids-Pneumatics-Accessories,Solenoids-Pneumatics,Solenoids and Pneumatics Accessories,solenoids-pneumatics-accessories,Products - Solenoids and Pneumatics Accessories | Emerson,Browse Solenoids and Pneumatics Accessories products,Category | EMR Pipe Port Size | EMR Operating Environment | EMR Standards | EMR Application | Brand | EMR Industry,
FALSE,Sonifier-Ultrasonic-Cell-Disruptors,Cleaning-Systems-and-Cell-Disruptors,Sonifier Ultrasonic Cell Disruptors,sonifier-ultrasonic-cell-disruptors,,,Category | EMR Product Family | EMR Platform | Brand | EMR Industry,
FALSE,Spin-Welding,Precision-Welding-Cleaning,Spin Welding,,Products - Spin Welding|Emerson,Browse Spin Welding products,Category | Brand | EMR Industry | EMR Segment,
FALSE,Tank-Gauging,Measurement-Instrumentation,Tank Gauging,,Products - Tank Gauging | Emerson,Browse Tank Gauging products,Category | Brand | EMR Industry | EMR Product Type,
FALSE,Tank-Vents-Hatches,Valves-Actuators-Regulators,Tank Vents and Hatches,,Products - Tank Vents and Hatches | Emerson,Browse Tank Vents and Hatches products,Category | Brand | EMR Product Type | EMR Industry,
FALSE,Temperature,Measurement-Instrumentation,Temperature,,Products - Temperature | Emerson,Browse Temperature products,Category | Brand | EMR Industry | EMR Product Type | EMR Measurement Type | EMR Sensor Type | EMR Mounting Type | EMR Communication Protocol | EMR Process Connection Type | EMR Connection Style,
FALSE,Thermal-Processing,Precision-Welding-Cleaning,Thermal Processing,,Products - Thermal Processing|Emerson,Browse Thermal Processing products,Category | Brand | EMR Industry | EMR Segment,
FALSE,Thermal-Storage,Indoor-Outdoor-Heating-Cables,Thermal Storage,thermal-storage,,,,
FALSE,Ultrasonic-Cleaning,Precision-Welding-Cleaning,Ultrasonic Cleaning,,Products - Ultrasonic Cleaning|Emerson,Browse Ultrasonic Cleaning products,Category | Brand | EMR Industry | EMR Segment | EMR Cleaning Process,
FALSE,Ultrasonic-Metal-Welding,Precision-Welding-Cleaning,Ultrasonic Metal Welding,,Products - Ultrasonic Metal Welding|Emerson,Browse Ultrasonic Metal Welding products,Category | Brand | EMR Industry | EMR Segment,
FALSE,Ultrasonic-Plastic-Welding,Precision-Welding-Cleaning,Ultrasonic Plastic Welding,,Products - Ultrasonic Plastic Welding|Emerson,Browse Ultrasonic Plastic Welding products,Category | Brand | EMR Industry | EMR Segment,
FALSE,Upstream-Oil-Gas-Applications,Operations-Business-Management,Upstream Oil and Gas Applications,,Products - Upstream Oil and Gas Applications | Emerson,Browse Upstream Oil and Gas Applications products,Category | Brand | EMR Industry,
FALSE,Vibration-Welding,Precision-Welding-Cleaning,Vibration Welding,,Products - Vibration Welding|Emerson,Browse Vibration Welding products,Category | Brand | EMR Industry | EMR Segment | EMR Working Area Dimensions | EMR Max Clamping Force | EMR Weld Area,
FALSE,Water-Supply-and-Drain-Lines,Indoor-Outdoor-Heating-Cables,Water Supply and Drain Lines,water-supply-and-drain-lines,,,,
FALSE,Wireless-Networks-Infrastructure,Measurement-Instrumentation,Wireless Networks and Infrastructure,,Products - Wireless Networks and Infrastructure | Emerson,Browse Wireless Networks and Infrastructure products,Category | Brand | EMR Industry | EMR Product Type,
FALSE,2000X-Series-Benchtop-Systems,Ultrasonic-Plastic-Welding,2000X Series Benchtop Systems,,Products - 2000X Series Benchtop Systems|Emerson,Browse 2000X Series Benchtop Systems products,Category | Brand | EMR Industry | EMR Segment | EMR Frequency | EMR Output Power,
FALSE,Aerospace-and-Defense,Hermetic-Solutions,Aerospace and Defense,aerospace-and-defense,,,,
FALSE,Air-Conditioning-and-Refrigeration,Hermetic-Solutions,Air Conditioning and Refrigeration,air-conditioning-and-refrigeration,,,,
FALSE,Air-Particle-Monitors,Flame-Gas-Detection,Air Particle Monitors,,Products - Air Particle Monitors | Emerson,Browse Air Particle Monitors products,Category | Brand | EMR Industry,
FALSE,Application-Specific-Measurement-Systems,Flow,Application Specific Measurement Systems,,Products - Application Specific Measurement Systems | Emerson,Browse Application Specific Measurement Systems products,Category | EMR Industry | EMR Instrument Type | EMR Technology Type,
FALSE,Aqueous-Cleaning-Systems,Ultrasonic-Cleaning,Aqueous Cleaning Systems,,Products - Aqueous Cleaning Systems|Emerson,Browse Aqueous Cleaning Systems products,Category | Brand | EMR Industry | EMR Segment | EMR Cleaning Process | EMR Tank Capacity,
FALSE,Area-Lighting,Lighting,Area Lighting,,Products - Area Lighting|Emerson,Browse Area Lighting products,Category | EMR Area Classification | EMR Certifications | EMR Lamp Type | EMR Wattage | EMR Lumens | EMR Industry,
FALSE,Aspirators,Flame-Gas-Detection,Aspirators,,Products - Aspirators | Emerson,Browse Aspirators products,Category | Brand | EMR Industry,
FALSE,Asset-Management-Software,Field-Device-Management,Asset Management Software,,Products - Asset Management Software | Emerson,Browse Asset Management Software products,Category | Brand | EMR Industry,
FALSE,Automation-Components,Ultrasonic-Plastic-Welding,Automation Components,,Products - Automation Components|Emerson,Browse Automation Components products,Category | Brand | EMR Industry | EMR Segment | EMR Frequency | EMR Output Power,
FALSE,Bi-Metal Controls and Limits,Sensing-Solutions,Bi-Metal Controls and Limits,bimetals-controls-and-limits,,,,
FALSE,Bushings-and-Locknuts,Commercial-Electrical-Fittings,Bushings and Locknuts,bushings-and-locknuts,,,,
FALSE,Call-Points-Stations-Audio-Signaling-Devices,Controls,Call Points Stations and Audio Signaling Devices,call-points-stations-audio-signaling-devices,Products - Call Points Stations and Audio Signaling Devices|Emerson,Browse Call Points Stations and Audio Signaling Devices products,Category | EMR Product Type | EMR Amperage | EMR Industry,
FALSE,Circuit-Breakers,Distribution-Equipment,Circuit Breakers,circuit-breakers,Products - Circuit Breakers|Emerson,Browse Circuit Breakers products,Category | EMR Area Classification | EMR Certifications | EMR Material | EMR Factory Sealed | EMR Enclosure Type | EMR Breaker Type | EMR Actuation | EMR Amperage | EMR Nominal Current | EMR Number of Poles | EMR Breaking Capacity | EMR Horsepower Ratings | Brand | EMR Industry,
FALSE,Combustion-Analyzers,Gas-Analysis,Combustion Analyzers,,Products - Combustion Analyzers | Emerson,Browse Combustion Analyzers products,Category | Brand | EMR Industry | EMR Product Type,
FALSE,Commercial-Cable-and-Cord-Fittings,Commercial-Electrical-Fittings,Commercial Cable and Cord Fittings,commercial-cable-and-cord-fittings,,,,
FALSE,Condition-Monitoring,Asset-Monitoring,Condition Monitoring,,Products - Condition Monitoring | Emerson,Browse Condition Monitoring products,Category | EMR Area Classification | EMR Safety Certification | Brand | EMR Industry,
FALSE,Conduit-Bodies-and-Boxes,Commercial-Electrical-Fittings,Conduit Bodies and Boxes,conduit-bodies-and-boxes,,,,
FALSE,Conduit-Fittings,Commercial-Electrical-Fittings,Conduit Fittings,conduit-fittings,,,,
FALSE,Constant-Wattage,Pipe-Tracing,Constant Wattage,constant-wattage,,,,
FALSE,Continuous-Gas-Analyzers,Gas-Analysis,Continuous Gas Analyzers,,Products - Continuous Gas Analyzers | Emerson,Browse Continuous Gas Analyzers products,Category | Brand | EMR Industry | EMR Product Type,
FALSE,Continuous-Level-Measurement,Level,Continuous Level Measurement,,Products - Continuous Level Measurement | Emerson,Browse Continuous Level Measurement products,Category | Brand | EMR Industry | EMR Technology Type | EMR Communication Protocol | EMR Media,
FALSE,Control-Stations-Control-Panels,Controls,Control Stations and Control Panels,control-stations-control-panels,Products - Control Stations and Control Panels|Emerson,Browse Control Stations and Control Panels products,Category | EMR Product Type | EMR Factory Sealed | EMR Amperage | EMR Material | Brand | EMR Industry,
FALSE,Conveyor-Switches,Controls,Conveyor Switches,conveyor-switches,Products - Conveyor Switches|Emerson,Browse Conveyor Switches products,Category | EMR Switch Description | EMR Switch Rating | EMR Voltage | EMR RPMs | EMR Industry,
FALSE,Cord-Cable-Reels,Reels-Switches,Cord and Cable Reels,,Products - Cord and Cable Reels|Emerson,Browse Cord and Cable Reels products,Category | EMR Area Classification | EMR Certifications | EMR Product Type | EMR Mounting Type | EMR Operating Environment | EMR Cable Length | EMR Number of Conductors,
FALSE,Coriolis,Flow,Coriolis,,Products - Coriolis | Emerson,Browse Coriolis products,Category | Brand | EMR Industry | EMR Instrument Type | EMR Technology Type | EMR Line Size | EMR Process Connection Type | EMR Output Variables | EMR Operating Temperature | EMR Operating Pressure | EMR Accuracy | EMR Approvals | EMR Certifications | EMR Power Source | EMR Output Signal | EMR Finish,
FALSE,DeltaV-Distributed-Control-System-Process-Industries,Distributed-Control-Systems,DeltaV Distributed Control System for Process Industries,,Products - DeltaV Distributed Control System for Process Industries | Emerson,Browse DeltaV Distributed Control System for Process Industries products,Category | Brand | EMR Industry,
FALSE,DeltaV-SIS-Process-Industries,Safety-Instrumented-Systems,DeltaV SIS for Process Industries,,Products - DeltaV SIS for Process Industries | Emerson,Browse DeltaV SIS for Process Industries products,Category | Brand | EMR Industry,
FALSE,Differential-Pressure-Flow,Pressure,Differential Pressure Flow,,Products - Differential Pressure Flow | Emerson,Browse Differential Pressure Flow products,Category | Brand | EMR Industry | EMR Instrument Type | EMR Technology Type | EMR Product Type | EMR Line Size | EMR Communication Protocol,
FALSE,Differential-Pressure-Level,Pressure,Differential Pressure Level,,Products - Differential Pressure Level | Emerson,Browse Differential Pressure Level products,Category | Brand | EMR Industry | EMR Instrument Type | EMR Communication Protocol | EMR Process Connection Type,
FALSE,Displacers,Level,Displacers,,Products - Displacers | Emerson,Browse Displacers products,Category | Brand | EMR Industry | EMR Instrument Type,
FALSE,Downhole-Applications,Pressure,Downhole Applications,,Products - Downhole Applications | Emerson,Browse Downhole Applications products,Category | Brand | EMR Industry | EMR Product Type,
FALSE,Emergency-Lighting,Lighting,Emergency Lighting,,Products - Emergency Lighting|Emerson,Browse Emergency Lighting products,Category | EMR Area Classification | EMR Certifications | EMR Lamp Type | EMR Wattage | EMR Lumens | EMR Industry,
FALSE,Enclosures,Enclosures-Junction-Boxes,Enclosures,enclosures,Products - Enclosures|Emerson,Browse Enclosures products,Category | EMR Product Family | EMR Platform | EMR Material | EMR Finish | Brand | EMR Industry,
FALSE,Explosionproof-Outlet-Boxes,Enclosures-Junction-Boxes,Explosionproof Outlet Boxes,explosionproof-outlet-boxes,Products - Explosionproof Outlet Boxes|Emerson,Browse Explosionproof Outlet Boxes products,Category | EMR Area Classification | EMR Certifications | EMR Product Type | EMR Conduit Hub Size | EMR Material | EMR Finish | Brand | EMR Industry,
FALSE,Field-Communicators,Field-Device-Management,Field Communicators,,Products - Field Communicators | Emerson,Browse Field Communicators products,Category | EMR Area Classification | Brand | EMR Industry,
FALSE,Flame-Detectors,Flame-Gas-Detection,Flame Detectors,,Products - Flame Detectors | Emerson,Browse Flame Detectors products,Category | Brand | EMR Industry,
FALSE,Flame-Gas-Controllers,Flame-Gas-Detection,Controllers,,Products - Controllers | Emerson,Browse Controllers products,Category | Brand | EMR Industry,
FALSE,Flameproof-Camera-Housing,Enclosures-Junction-Boxes,Flameproof Camera Housing,flameproof-camera-housing,Products - Flameproof Camera Housing|Emerson,Browse Flameproof Camera Housing products,Category | EMR Area Classification | EMR Certifications | EMR Industry,
FALSE,Flammable-Vapor-Sensors,Sensing-Solutions,Flammable Vapor Sensors,flammable-vapor-sensors--1,,,Category | EMR Product Family | EMR Platform | Brand | EMR Industry,
FALSE,Flood-Lighting,Lighting,Flood Lighting,,Products - Flood Lighting|Emerson,Browse Flood Lighting products,Category | EMR Area Classification | EMR Certifications | EMR Lamp Type | EMR Wattage | EMR Lumens | EMR Industry,
FALSE,Flow-Accessories,Flow,Flow Accessories,,Products - Flow Accessories | Emerson,Browse Flow Accessories products,Category | Brand | EMR Industry | EMR Instrument Type | EMR Technology Type,
FALSE,Flow-Computers,Flow,Flow Computers,flow-computers,Products - Flow Computers | Emerson,Browse Flow Computers products,Category | Brand | EMR Industry,
FALSE,Flow-Configuration-Diagnostic-Software,Flow,Flow Configuration Diagnostic Software,,Products - Flow Configuration Diagnostic Software | Emerson,Browse Flow Configuration Diagnostic Software products,Category | Brand | EMR Industry | EMR Instrument Type | EMR Technology Type,
FALSE,Gas-Analysis-Accessories,Gas-Analysis,Gas Analysis Accessories,,Products - Gas Analysis Accessories | Emerson,Browse Gas Analysis Accessories products,Category | Brand | EMR Industry,
FALSE,Gas-Analysis-Systems,Gas-Analysis,Gas Analysis Systems,,Products - Gas Analysis Systems | Emerson,Browse Gas Analysis Systems products,Category | Brand | EMR Industry,
FALSE,Gas-Detectors-Sensors,Flame-Gas-Detection,Gas Detectors and Sensors,,Products - Gas Detectors and Sensors | Emerson,Browse Gas Detectors and Sensors products,Category | Brand | EMR Industry | EMR Product Type,
FALSE,General-Utility-Lights,General-Lighting,General Utility Lights,,,,,
FALSE,Grounding-Indicators-Devices,Controls,Grounding Indicators and Devices,grounding-indicators-devices,Products - Grounding Indicators and Devices|Emerson,Browse Grounding Indicators and Devices products,Category | Brand | EMR Industry,
FALSE,Handheld-Systems,Ultrasonic-Plastic-Welding,Handheld Systems,,Products - Handheld Systems|Emerson,Browse Handheld Systems products,Category | Brand | EMR Industry | EMR Segment | EMR Frequency | EMR Output Power,
FALSE,Hazardous-Location-Firestop-Solutions,Sealants-Firestop-Solutions,Hazardous Location Firestop Solutions,hazardous-location-firestop-solutions,Products - Hazardous Location Firestop Solutions|Emerson,Browse Hazardous Location Firestop Solutions products,Category | EMR Area Classification | EMR Certifications | EMR Product Type,
FALSE,Hazardous-Location-Fittings,Fittings,Hazardous Location Fittings,hazardous-location-fittings,Products - Hazardous Location Fittings|Emerson,Browse Hazardous Location Fittings products,Category | Brand | EMR Industry,
FALSE,Hazardous-Location-Junction-Boxes,Enclosures-Junction-Boxes,Hazardous Location Junction Boxes,hazardous-location-junction-boxes,Products - Hazardous Location Junction Boxes|Emerson,Browse Hazardous Location Junction Boxes products,Category | EMR Area Classification | EMR Certifications | EMR Product Type | EMR Conduit Hub Size | EMR Material | EMR Finish | EMR Industry,
FALSE,Health-Monitoring,Asset-Monitoring,Health Monitoring,,Products - Health Monitoring | Emerson,Browse Health Monitoring products,Category | Brand | EMR Industry,
FALSE,Industrial,Hermetic-Solutions,Industrial,industrial,,,,
FALSE,Industrial-Cable-Monitoring,Industrial-Heat-Tracing,Industrial Cable Monitoring,industrial-cable-monitoring,Products - Industrial Cable Monitoring|Emerson,Browse Industrial Cable Monitoring products,Category | EMR Industry,
FALSE,Industrial-Circuit-Management,Industrial-Heat-Tracing,Industrial Circuit Management,industrial-circuit-management,Products - Industrial Circuit Management|Emerson,Browse Industrial Circuit Management products,Category | EMR Industry,
FALSE,Industrial-Control-Transformers,Control-Power-Solutions,Industrial Control Transformers,,Products - Industrial Control Transformers|Emerson,Browse Industrial Control Transformers products,Category | EMR Area Classification | EMR Certifications | EMR Primary Voltage | EMR Secondary Voltage | EMR KVA Rating | EMR Hertz | EMR Temperature Rise,
FALSE,Industrial-Firestop-Solutions,Sealants-Firestop-Solutions,Industrial Firestop Solutions,industrial-firestop-solutions,Products - Industrial Firestop Solutions|Emerson,Browse Industrial Firestop Solutions products,Category | EMR Area Classification | EMR Certifications | EMR Product Type,
FALSE,Industrial-Fittings,Fittings,Industrial Fittings,industrial-fittings,Products - Industrial Fittings|Emerson,Browse Industrial Fittings products,Category | Brand | EMR Industry,
FALSE,Industrial-Pipe-Tracing-Cable,Industrial-Heat-Tracing,Industrial Pipe Tracing Cable,industrial-pipe-tracing-cable,Products - Industrial Pipe Tracing Cable|Emerson,Browse Industrial Pipe Tracing Cable products,Category | EMR Product Type | EMR Type of Cable | EMR Amperage | EMR Voltage | EMR Wattage | EMR Length | EMR Industry,
FALSE,Industrial-Power-Distribution,Industrial-Heat-Tracing,Industrial Power Distribution,industrial-power-distribution,Products - Industrial Power Distribution|Emerson,Browse Industrial Power Distribution products,Category | EMR Industry,
FALSE,Industrial-Roof-Gutter-Deicing,Industrial-Heat-Tracing,Industrial Roof Gutter Deicing,industrial-roof-gutter-deicing,Products - Industrial Roof Gutter Deicing|Emerson,Browse Industrial Roof Gutter Deicing products,Category | EMR Product Type | EMR Type of Cable | EMR Amperage | EMR Voltage | EMR Wattage | EMR Length | EMR Industry,
FALSE,Industrial-Snow-Melting,Industrial-Heat-Tracing,Industrial Snow Melting,industrial-snow-melting,Products - Industrial Snow Melting|Emerson,Browse Industrial Snow Melting products,Category | EMR Product Type | EMR Type of Cable | EMR Amperage | EMR Voltage | EMR Wattage | EMR Length | EMR Industry,
FALSE,Industrial-Tank-Vessel-Heating,Industrial-Heat-Tracing,Industrial Tank and Vessel Heating,industrial-tank-vessel-heating,Products - Industrial Tank and Vessel Heating|Emerson,Browse Industrial Tank and Vessel Heating products,Category | EMR Product Type | EMR Type of Cable | EMR Amperage | EMR Voltage | EMR Wattage | EMR Length | EMR Industry,
FALSE,Industrial-Thermostats,Industrial-Heat-Tracing,Industrial Thermostats,industrial-thermostats,Products - Industrial Thermostats|Emerson,Browse Industrial Thermostats products,Category | EMR Industry,
FALSE,Instrument-Manifolds,Pressure,Instrument Manifolds,,Products - Instrument Manifolds | Emerson,Browse Instrument Manifolds products,Category | Brand | EMR Industry,
FALSE,Integrated-Benchtop-Systems,Ultrasonic-Plastic-Welding,Integrated Benchtop Systems,,Products - Integrated Benchtop Systems|Emerson,Browse Integrated Benchtop Systems products,Category | Brand | EMR Industry | EMR Segment | EMR Frequency | EMR Output Power,
FALSE,Integrated-Metrology-Systems,Flow,Integrated Metrology Systems,,Products - Integrated Metrology Systems | Emerson,Browse Integrated Metrology Systems products,Category | EMR Industry | EMR Instrument Type | EMR Technology Type,
FALSE,Lamp-Changers,General-Lighting,Lamp Changers,,,,,
FALSE,Lamp-Protection,General-Lighting,Lamp Protection,,,,,
FALSE,Large-Sized-Part-Vibration-Welding,Vibration-Welding,Large Sized Part Vibration Welding,,Products - Large Sized Part Vibration Welding|Emerson,Browse Large Sized Part Vibration Welding products,Category | Brand | EMR Industry | EMR Segment | EMR Working Area Dimensions | EMR Max Clamping Force | EMR Weld Area,
FALSE,Level-Accessories,Level,Level Accessories,,Products - Level Accessories | Emerson,Browse Level Accessories products,Category | Brand | EMR Industry,
FALSE,Level-Configuration-Diagnostic-Software,Level,Level Configuration and Diagnostic Software,,Products - Level Configuration and Diagnostic Software | Emerson,Browse Level Configuration and Diagnostic Software products,Category | Brand | EMR Industry,
FALSE,Level-Controllers,Level,Controllers,,Products - Controllers | Emerson,Browse Controllers products,Category | Brand | EMR Industry | EMR Technology Type,
FALSE,Liquid-Analysis-Accessories,Liquid-Analysis,Liquid Analysis Accessories,liquid-analysis-accessories,Products - Liquid Analysis Accessories | Emerson,Browse Liquid Analysis Accessories products,Category | Brand | EMR Industry,
FALSE,Liquid-Analysis-Sensors,Liquid-Analysis,Liquid Analysis Sensors,,Products - Liquid Analysis Sensors | Emerson,Browse Liquid Analysis Sensors products,Category | Brand | EMR Industry | EMR Instrument Type,
FALSE,Liquid-Analysis-Systems,Liquid-Analysis,Liquid Analysis Systems,,Products - Liquid Analysis Systems | Emerson,Browse Liquid Analysis Systems products,Category | Brand | EMR Industry,
FALSE,Liquid-Analyzers-Transmitters,Liquid-Analysis,Liquid Analyzers and Transmitters,,Products - Liquid Analyzers and Transmitters | Emerson,Browse Liquid Analyzers and Transmitters products,Category | Brand | EMR Industry,
FALSE,Machinery-Health-Sensors,Machinery-Health-Management,Machinery Health Sensors,,Products - Machinery Health Sensors | Emerson,Browse Machinery Health Sensors products,Category | EMR Sensor Type | EMR Area Classification | Brand | EMR Industry,
FALSE,Machinery-Prediction-Systems,Machinery-Health-Management,Machinery Prediction Systems,,Products - Machinery Prediction Systems | Emerson,Browse Machinery Prediction Systems products,Category | Brand | EMR Industry,
FALSE,Magnetic,Flow,Magnetic,magnetic,Products - Magnetic | Emerson,Browse Magnetic products,Category | Brand | EMR Industry | EMR Instrument Type | EMR Technology Type | EMR Line Size | EMR Process Connection Type | EMR Operating Temperature | EMR Operating Pressure | EMR Accuracy | EMR Approvals | EMR Certifications | EMR Output Signal | EMR User Interface | EMR Flow Range,
FALSE,Medium-Sized-Part-Vibration-Welding,Vibration-Welding,Medium Sized Part Vibration Welding,,Products - Medium Sized Part Vibration Welding|Emerson,Browse Medium Sized Part Vibration Welding products,Category | Brand | EMR Industry | EMR Segment | EMR Working Area Dimensions | EMR Max Clamping Force | EMR Weld Area,
FALSE,Microtemp-Thermal-Fuses,Sensing-Solutions,Microtemp Thermal Fuses,microtemp-thermal-fuses--1,,,Category | EMR Product Family | EMR Platform | Brand | EMR Industry,
FALSE,Motor-Starters,Controls,Motor Starters,motor-starters,Products - Motor Starters|Emerson,Browse Motor Starters products,Category | EMR Material | EMR Factory Sealed | EMR Product Type | EMR Amperage | EMR Operating Voltage | EMR Number of Poles | EMR Horsepower Ratings | Brand | EMR Industry,
FALSE,Multiphase,Flow,Multiphase,,Products - Multiphase | Emerson,Browse Multiphase products,Category | Brand | EMR Industry | EMR Instrument Type | EMR Technology Type | EMR Fluid State | EMR Output Variables | EMR Operating Temperature | EMR Operating Pressure | EMR Accuracy | EMR Approvals | EMR Certifications | EMR Standards | EMR Power Source | EMR Output Signal | EMR Input Signal | EMR Installation Type | EMR User Interface | EMR Flow Range,
FALSE,NTC-Temperature-Sensors,Sensing-Solutions,NTC Temperature Sensors,ntc-temperature-sensors--1,,,Category | EMR Product Family | EMR Platform | Brand | EMR Industry,
FALSE,Natural-Gas-Chromatographs,Gas-Analysis,Natural Gas Chromatographs,,Products - Natural Gas Chromatographs | Emerson,Browse Natural Gas Chromatographs products,Category | Brand | EMR Industry,
FALSE,Nuclear-Pressure-Instrumentation,Pressure,Nuclear Pressure Instrumentation,,Products - Nuclear Pressure Instrumentation | Emerson,Browse Nuclear Pressure Instrumentation products,Category | Brand | EMR Industry | EMR Instrument Type,
FALSE,Ordinary-Location-Powercords,Reels-Switches,Ordinary Location Powercords,,Products - Ordinary Location Powercords|Emerson,Browse Ordinary Location Powercords products,Category | EMR Area Classification | EMR Certifications | EMR Product Type,
FALSE,Ordinary-Location-Switches,Reels-Switches,Ordinary Location Switches,,Products - Ordinary Location Switches|Emerson,Browse Ordinary Location Switches products,Category | EMR Area Classification | EMR Certifications | EMR Switch Type | EMR Amperage | EMR Voltage | EMR Number of Poles,
FALSE,Ovation-Distributed-Control-System-Power-Water-Industries,Distributed-Control-Systems,Ovation Distributed Control System for Power and Water Industries,,Products - Ovation Distributed Control System for Power and Water Industries | Emerson,Browse Ovation Distributed Control System for Power and Water Industries products,Category | Brand | EMR Industry,
FALSE,Ovation-SIS-Power-Water-Industries,Safety-Instrumented-Systems,Ovation SIS for Power and Water Industries,,Products - Ovation SIS for Power and Water Industries | Emerson,Browse Ovation SIS for Power and Water Industries products,Category | Brand | EMR Industry,
FALSE,Packaging-Leak-Detection-Analyzers,Gas-Analysis,Packaging Leak Detection Analyzers,,Products - Packaging Leak Detection Analyzers | Emerson,Browse Packaging Leak Detection Analyzers products,Category | Brand | EMR Industry | EMR Measurement Type,
FALSE,Panelboards,Distribution-Equipment,Panelboards,panelboards,Products - Panelboards|Emerson,Browse Panelboards products,Category | EMR Area Classification | EMR Certifications | EMR Material | EMR Factory Sealed | EMR Panelboard Type | EMR Breaker Type | EMR Number of Circuits | EMR Amperage | EMR Number of Poles | EMR Number of Wires | EMR Bus Rating | EMR Horsepower Ratings | Brand | EMR Industry,
FALSE,Performance-Monitoring,Asset-Monitoring,Performance Monitoring,,Products - Performance Monitoring | Emerson,Browse Performance Monitoring products,Category | Brand | EMR Industry,
FALSE,PhotoControls,Lighting,PhotoControls,photocontrols,Products - PhotoControls|Emerson,Browse PhotoControls products,,
FALSE,Point-Level-Measurement,Level,Point Level Measurement,,Products - Point Level Measurement | Emerson,Browse Point Level Measurement products,Category | Brand | EMR Industry | EMR Technology Type | EMR Output Signal | EMR Media,
FALSE,Poles-Hangers,Lighting,Poles and Hangers,poles-hangers,Products - Poles and Hangers|Emerson,Browse Poles and Hangers products,,
FALSE,Portable-Lighting,Lighting,Portable Lighting,,Products - Portable Lighting|Emerson,Browse Portable Lighting products,Category | EMR Area Classification | EMR Certifications | EMR Lamp Type | EMR Wattage | EMR Lumens | EMR Industry,
FALSE,Power,Sensing-Solutions,Power,power,,,Category | EMR Product Family | EMR Platform | Brand | EMR Industry,
FALSE,Power-Conditioning,Power-Quality-Distribution,Power Conditioning,,Products - Power Conditioning|Emerson,Browse Power Conditioning products,Category | EMR Area Classification | EMR Certifications | EMR Input Voltage Range | EMR Output Voltage Range | EMR KVA Rating | EMR Hertz | EMR Operating Temperature | EMR Efficiency,
FALSE,Power-Protection,Power-Quality-Distribution,Power Protection,,Products - Power Protection|Emerson,Browse Power Protection products,Category,
FALSE,Power-Supplies,Control-Power-Solutions,Power Supplies,,Products - Power Supplies|Emerson,Browse Power Supplies products,Category | EMR Area Classification | EMR Certifications | EMR Input Voltage Range | EMR Output Voltage Range | EMR Output Power | EMR Hertz | EMR Operating Temperature,
FALSE,Pressure-Accessories,Pressure,Pressure Accessories,,Products - Pressure Accessories | Emerson,Browse Pressure Accessories products,Category | Brand | EMR Industry,
FALSE,Pressure-Configuration-Diagnostic-Software,Pressure,Pressure Configuration and Diagnostic Software,,Products - Pressure Configuration and Diagnostic Software | Emerson,Browse Pressure Configuration and Diagnostic Software products,Category | Brand | EMR Industry,
FALSE,Pressure-Gauges,Pressure,Pressure Gauges,,Products - Pressure Gauges | Emerson,Browse Pressure Gauges products,Category | Brand | EMR Industry,
FALSE,Pressure-Transmitters-Transducers,Pressure,Pressure Transmitters and Transducers,,Products - Pressure Transmitters and Transducers | Emerson,Browse Pressure Transmitters and Transducers products,Category | Brand | EMR Industry | EMR Product Type | EMR Measurement Type | EMR Process Connection Type | EMR Communication Protocol,
FALSE,Process-Gas-Chromatographs,Gas-Analysis,Process Gas Chromatographs,,Products - Process Gas Chromatographs | Emerson,Browse Process Gas Chromatographs products,Category | Brand | EMR Industry,
FALSE,Prover-Systems,Flow,Prover Systems,,Products - Prover Systems | Emerson,Browse Prover Systems products,Category | EMR Industry | EMR Instrument Type | EMR Technology Type | EMR Line Size,
FALSE,Quantum-Cascade-Laser-Analyzers,Gas-Analysis,Quantum Cascade Laser Analyzers,,Products - Quantum Cascade Laser Analyzers | Emerson,Browse Quantum Cascade Laser Analyzers products,Category | Brand | EMR Industry,
FALSE,Seam-Welder,Ultrasonic-Metal-Welding,Seam Welder,,Products - Seam Welder|Emerson,Browse Seam Welder products,Category | Brand | EMR Industry | EMR Segment | EMR Frequency | EMR Output Power,
FALSE,Self-Regulating,Pipe-Tracing,Self Regulating,self-regulating,,,,
FALSE,Service-Entry-Fittings,Commercial-Electrical-Fittings,Service Entry Fittings,service-entry-fittings,,,,
FALSE,Small-Sized-Part-Vibration-Welding,Vibration-Welding,Small Sized Part Vibration Welding,small-sized-part-vibration-welding,Products - Small Sized Part Vibration Welding|Emerson,Browse Small Sized Part Vibration Welding products,Category | Brand | EMR Industry | EMR Segment | EMR Working Area Dimensions | EMR Max Clamping Force | EMR Weld Area,
FALSE,Specialized-Systems,Ultrasonic-Plastic-Welding,Specialized Systems,,Products - Specialized Systems|Emerson,Browse Specialized Systems products,Category | Brand | EMR Industry | EMR Segment | EMR Frequency | EMR Output Power,
FALSE,Spot-Welders,Ultrasonic-Metal-Welding,Spot Welders,,Products - Spot Welders|Emerson,Browse Spot Welders products,Category | Brand | EMR Industry | EMR Segment | EMR Frequency | EMR Output Power,
FALSE,Stand-Alone-Safety-Systems,Safety-Instrumented-Systems,Stand Alone Safety Systems,stand-alone-safety-systems,Products - Stand Alone Safety Systems | Emerson,Browse Stand Alone Safety Systems products,Category | Brand | EMR Industry,
FALSE,Supervisory-Control-Systems,Flow,Supervisory Control Systems,,Products - Supervisory Control Systems | Emerson,Browse Supervisory Control Systems products,Category | EMR Industry | EMR Instrument Type | EMR Technology Type,
FALSE,Switches-Disconnects,Distribution-Equipment,Switches and Disconnects,switches-disconnects,Products - Switches and Disconnects|Emerson,Browse Switches and Disconnects products,Category | EMR Area Classification | EMR Certifications | EMR Type of Equipment | EMR Factory Sealed | EMR Switch Type | EMR Amperage | EMR Voltage | EMR Number of Poles | EMR Horsepower Ratings | EMR Material | Brand | EMR Industry,
FALSE,Switchracks,Distribution-Equipment,Switchracks,switchracks,Products - Switchracks|Emerson,Browse Switchracks products,Category | EMR Area Classification | EMR Certifications | Brand,
FALSE,Tabletop-Cleaners,Laboratory-Equipment,Tabletop Cleaners,,Products - Tabletop Cleaners|Emerson,Browse Tabletop Cleaners products,Category | Brand | EMR Industry | EMR Segment | EMR Tank Capacity,
FALSE,Task-Lighting,Lighting,Task Lighting,,Products - Task Lighting|Emerson,Browse Task Lighting products,Category | EMR Area Classification | EMR Certifications | EMR Lamp Type | EMR Wattage | EMR Lumens | EMR Industry,
FALSE,Temporary-Lighting,General-Lighting,Temporary Lighting,,,,,
FALSE,Thread-Lubricants,Commercial-Electrical-Fittings,Thread Lubricants,thread-lubricants,,,,
FALSE,Tooling,Ultrasonic-Plastic-Welding,Tooling,tooling,Products - Tooling|Emerson,Browse Tooling products,Category | Brand | EMR Industry | EMR Segment,
FALSE,Transformers,Power-Quality-Distribution,Transformers,,Products - Transformers|Emerson,Browse Transformers products,Category | EMR Product Family | EMR Platform | Brand | EMR Industry | EMR Hertz | EMR Number of Phases,
FALSE,Tube-Sealer,Ultrasonic-Metal-Welding,Tube Sealer,,Products - Tube Sealer|Emerson,Browse Tube Sealer products,Category | Brand | EMR Industry | EMR Segment | EMR Frequency | EMR Output Power,
FALSE,Turbine,Flow,Turbine,,Products - Turbine | Emerson,Browse Turbine products,Category | Brand | EMR Industry | EMR Instrument Type | EMR Technology Type | EMR Product Type,
FALSE,Ultrasonic,Flow,Ultrasonic,,Products - Ultrasonic | Emerson,Browse Ultrasonic products,Category | Brand | EMR Industry | EMR Instrument Type | EMR Technology Type | EMR Line Size | EMR Process Connection Type | EMR Output Variables | EMR Operating Temperature | EMR Operating Pressure | EMR Accuracy | EMR Approvals | EMR Certifications | EMR Power Source | EMR Finish | EMR Output Signal | EMR Input Signal | EMR Installation Type | EMR Flow Range,
FALSE,Ultrasonic-Cell-Disruptors,Laboratory-Equipment,Ultrasonic Cell Disruptors,,Products - Ultrasonic Cell Disruptors|Emerson,Browse Ultrasonic Cell Disruptors products,Category | Brand | EMR Industry | EMR Segment | EMR Output Power,
FALSE,Ultrasonic-Gas-Leak-Detection,Flame-Gas-Detection,Ultrasonic Gas Leak Detection,,Products - Ultrasonic Gas Leak Detection | Emerson,Browse Ultrasonic Gas Leak Detection products,Category | Brand | EMR Industry,
FALSE,Ultrasonic-Generators-Tanks-Immersibles,Ultrasonic-Cleaning,"Ultrasonic Generators, Tanks, and  Immersibles",,"Products - Ultrasonic Generators, Tanks, and  Immersibles|Emerson","Browse Ultrasonic Generators, Tanks, and  Immersibles products",Category | Brand | EMR Industry | EMR Segment | EMR Cleaning Process | EMR Frequency | EMR Output Power,
FALSE,Vapor-De-Greasers,Ultrasonic-Cleaning,Vapor De Greasers,,Products - Vapor De Greasers|Emerson,Browse Vapor De Greasers products,Category | Brand | EMR Industry | EMR Segment | EMR Cleaning Process | EMR Tank Capacity,
FALSE,Visual-Signal-Lighting,Lighting,Visual Signal Lighting,,Products - Visual Signal Lighting|Emerson,Browse Visual Signal Lighting products,Category | EMR Area Classification | EMR Certifications | EMR Lamp Type | EMR Wattage | EMR Lumens | EMR Industry,
FALSE,Vortex,Flow,Vortex,,Products - Vortex | Emerson,Browse Vortex products,Category | Brand | EMR Industry | EMR Instrument Type | EMR Technology Type | EMR Body Design | EMR Line Size | EMR Process Connection Type | EMR Output Variables | EMR Operating Temperature | EMR Operating Pressure | EMR Accuracy | EMR Approvals | EMR Certifications | EMR Output Signal | EMR Flow Range | EMR User Interface,
FALSE,Watercut,Flow,Watercut,,Products - Watercut | Emerson,Browse Watercut products,Category | Brand | EMR Industry | EMR Instrument Type | EMR Technology Type | EMR Fluid State | EMR Output Variables | EMR Operating Temperature | EMR Operating Pressure | EMR Accuracy | EMR Approvals | EMR Certifications | EMR Standards | EMR Power Source | EMR Output Signal | EMR Input Signal | EMR Installation Type | EMR User Interface | EMR Flow Range,
FALSE,Wire-Splicing,Ultrasonic-Metal-Welding,Wire Splicing,,Products - Wire Splicing|Emerson,Browse Wire Splicing products,Category | Brand | EMR Industry | EMR Segment | EMR Frequency | EMR Output Power,
FALSE,Wireless-Sensors,Sensing-Solutions,Wireless Sensors,,,,Category | EMR Product Family | EMR Platform | Brand | EMR Industry | EMR Measurement Type | EMR Sensor Type | EMR Technology Type,
FALSE,Drive-Isolation-Protection,Power-Protection,Drive Isolation Protection,,Products - Drive Isolation Protection|Emerson,Browse Drive Isolation Protection products,Category | EMR Area Classification | EMR Certifications | EMR Primary Voltage | EMR Secondary Voltage | EMR KVA Rating | EMR Hertz | EMR Temperature Rise,
FALSE,Hazardous-Conduit-Bodies-Boxes,Hazardous-Location-Fittings,Hazardous Location Conduit Bodies and Boxes,hazardous-conduit-bodies-boxes,Products - Hazardous Location Conduit Bodies and Boxes|Emerson,Browse Hazardous Location Conduit Bodies and Boxes products,Category | EMR Area Classification | EMR Certifications | EMR Product Type | EMR Conduit Hub Size | EMR Material | Brand | EMR Industry,
FALSE,Hazardous-Location-Cable-Glands,Hazardous-Location-Fittings,Hazardous Location Cable Glands,hazardous-location-cable-glands,Products - Hazardous Location Cable Glands|Emerson,Browse Hazardous Location Cable Glands products,Category | EMR Area Classification | EMR Certifications | EMR Product Type | EMR Cable Entry Size | EMR Material | EMR Finish | Brand | EMR Industry,
FALSE,Hazardous-Location-Conduit-Fittings,Hazardous-Location-Fittings,Hazardous Location Conduit Fittings,hazardous-location-conduit-fittings,Products - Hazardous Location Conduit Fittings|Emerson,Browse Hazardous Location Conduit Fittings products,Category | EMR Area Classification | EMR Certifications | EMR Product Type | EMR Conduit Hub Size | EMR Material | Brand | EMR Industry,
FALSE,Hazardous-Location-Drain-and-Breathers,Hazardous-Location-Fittings,Hazardous Location Drain and Breathers,hazardous-location-drain-breathers,Products - Hazardous Location Drain and Breathers|Emerson,Browse Hazardous Location Drain and Breathers products,Category | EMR Area Classification | EMR Certifications | Brand | EMR Industry,
FALSE,Hazardous-Location-Sealing-Fittings,Hazardous-Location-Fittings,Hazardous Location Sealing Fittings,hazardous-location-sealing-fittings,Products - Hazardous Location Sealing Fittings|Emerson,Browse Hazardous Location Sealing Fittings products,Category | EMR Area Classification | EMR Certifications | EMR Product Type | EMR Conduit Hub Size | EMR Material | EMR Finish | Brand | EMR Industry,
FALSE,Industrial-Cable-and-Cord-Fittings,Industrial-Fittings,Industrial Cable and Cord Fittings,industrial-cable-cord-fittings,Products - Industrial Cable and Cord Fittings|Emerson,Browse Industrial Cable and Cord Fittings products,Category | EMR Area Classification | EMR Certifications | EMR Product Type | EMR Cable Entry Size | EMR Material | EMR Finish | Brand | EMR Industry,
FALSE,Industrial-Conduit-Bodies-Boxes,Industrial-Fittings,Industrial Conduit Bodies and Boxes,industrial-conduit-bodies-boxes,Products - Industrial Conduit Bodies and Boxes|Emerson,Browse Industrial Conduit Bodies and Boxes products,Category | EMR Area Classification | EMR Certifications | EMR Product Type | EMR Conduit Hub Size | EMR Material | Brand | EMR Industry,
FALSE,Industrial-Conduit-Fittings,Industrial-Fittings,Industrial Conduit Fittings,industrial-conduit-fittings,Products - Industrial Conduit Fittings|Emerson,Browse Industrial Conduit Fittings products,Category | EMR Area Classification | EMR Certifications | EMR Product Type | EMR Conduit Hub Size | EMR Material | Brand | EMR Industry,
FALSE,Industrial-Thread-Lubricants,Industrial-Fittings,Industrial Thread Lubricants,industrial-thread-lubricants,Products - Industrial Thread Lubricants|Emerson,Browse Industrial Thread Lubricants products,Category | EMR Area Classification | EMR Certifications | Brand | EMR Industry,
FALSE,Surge-Protection-Active-Tracking-Filtering,Power-Protection,Surge Protection Active Tracking Filtering,,Products - Surge Protection Active Tracking Filtering|Emerson,Browse Surge Protection Active Tracking Filtering products,Category | EMR Area Classification | EMR Certifications | EMR Product Type | EMR Input Voltage Range,
FALSE,Uninterruptible-Power-Systems,Power-Protection,Uninterruptible Power Systems,,Products - Uninterruptible Power Systems|Emerson,Browse Uninterruptible Power Systems products,Category | EMR Area Classification | EMR Certifications | EMR Product Type | EMR Input Voltage Range | EMR Output Voltage Range | EMR Nominal Voltage Range | EMR Power Range | EMR Hertz | EMR Operating Temperature | EMR Recharge Time,
